"learning_timestep","lively-terrain-597 - _step","lively-terrain-597 - _step__MIN","lively-terrain-597 - _step__MAX","lively-terrain-597 - learning/fsa_reward","lively-terrain-597 - learning/fsa_reward__MIN","lively-terrain-597 - learning/fsa_reward__MAX","absurd-snow-596 - _step","absurd-snow-596 - _step__MIN","absurd-snow-596 - _step__MAX","absurd-snow-596 - learning/fsa_reward","absurd-snow-596 - learning/fsa_reward__MIN","absurd-snow-596 - learning/fsa_reward__MAX","honest-cherry-595 - _step","honest-cherry-595 - _step__MIN","honest-cherry-595 - _step__MAX","honest-cherry-595 - learning/fsa_reward","honest-cherry-595 - learning/fsa_reward__MIN","honest-cherry-595 - learning/fsa_reward__MAX","autumn-wind-594 - _step","autumn-wind-594 - _step__MIN","autumn-wind-594 - _step__MAX","autumn-wind-594 - learning/fsa_reward","autumn-wind-594 - learning/fsa_reward__MIN","autumn-wind-594 - learning/fsa_reward__MAX","generous-sunset-593 - _step","generous-sunset-593 - _step__MIN","generous-sunset-593 - _step__MAX","generous-sunset-593 - learning/fsa_reward","generous-sunset-593 - learning/fsa_reward__MIN","generous-sunset-593 - learning/fsa_reward__MAX","driven-sound-591 - _step","driven-sound-591 - _step__MIN","driven-sound-591 - _step__MAX","driven-sound-591 - learning/fsa_reward","driven-sound-591 - learning/fsa_reward__MIN","driven-sound-591 - learning/fsa_reward__MAX","grateful-forest-590 - _step","grateful-forest-590 - _step__MIN","grateful-forest-590 - _step__MAX","grateful-forest-590 - learning/fsa_reward","grateful-forest-590 - learning/fsa_reward__MIN","grateful-forest-590 - learning/fsa_reward__MAX","vivid-sky-589 - _step","vivid-sky-589 - _step__MIN","vivid-sky-589 - _step__MAX","vivid-sky-589 - learning/fsa_reward","vivid-sky-589 - learning/fsa_reward__MIN","vivid-sky-589 - learning/fsa_reward__MAX","bright-bee-587 - _step","bright-bee-587 - _step__MIN","bright-bee-587 - _step__MAX","bright-bee-587 - learning/fsa_reward","bright-bee-587 - learning/fsa_reward__MIN","bright-bee-587 - learning/fsa_reward__MAX","magic-shape-586 - _step","magic-shape-586 - _step__MIN","magic-shape-586 - _step__MAX","magic-shape-586 - learning/fsa_reward","magic-shape-586 - learning/fsa_reward__MIN","magic-shape-586 - learning/fsa_reward__MAX"
"500","499","499","499","-1002","-1002","-1002","499","499","499","-1004","-1004","-1004","499","499","499","-1001","-1001","-1001","499","499","499","-1000","-1000","-1000","499","499","499","-1000","-1000","-1000","499","499","499","-1001","-1001","-1001","499","499","499","-1002","-1002","-1002","499","499","499","-1000","-1000","-1000","499","499","499","-1000","-1000","-1000","499","499","499","-1000","-1000","-1000"
"1000","1001","1001","1001","-1000","-1000","-1000","1001","1001","1001","-1002","-1002","-1002","1001","1001","1001","-1006","-1006","-1006","1001","1001","1001","-1000","-1000","-1000","1001","1001","1001","-1000","-1000","-1000","1001","1001","1001","-1001","-1001","-1001","1001","1001","1001","-1000","-1000","-1000","1001","1001","1001","-1000","-1000","-1000","1001","1001","1001","-1001","-1001","-1001","1001","1001","1001","-1003","-1003","-1003"
"1500","1502","1502","1502","-1000","-1000","-1000","1502","1502","1502","-1000","-1000","-1000","1502","1502","1502","-1001","-1001","-1001","1502","1502","1502","-1000","-1000","-1000","1502","1502","1502","-1000","-1000","-1000","1502","1502","1502","-1001","-1001","-1001","1502","1502","1502","-1001","-1001","-1001","1502","1502","1502","-1000","-1000","-1000","1502","1502","1502","-1001","-1001","-1001","1502","1502","1502","-1002","-1002","-1002"
"2000","2004","2004","2004","-1003","-1003","-1003","2004","2004","2004","-1000","-1000","-1000","2004","2004","2004","-1005","-1005","-1005","2004","2004","2004","-1000","-1000","-1000","2004","2004","2004","-1001","-1001","-1001","2004","2004","2004","-1001","-1001","-1001","2004","2004","2004","-1000","-1000","-1000","2004","2004","2004","-1002","-1002","-1002","2004","2004","2004","-1004","-1004","-1004","2004","2004","2004","-1000","-1000","-1000"
"2500","2505","2505","2505","-1000","-1000","-1000","2505","2505","2505","-1001","-1001","-1001","2505","2505","2505","-1004","-1004","-1004","2505","2505","2505","-1000","-1000","-1000","2505","2505","2505","-1002","-1002","-1002","2505","2505","2505","-1000","-1000","-1000","2505","2505","2505","-1000","-1000","-1000","2505","2505","2505","-1000","-1000","-1000","2505","2505","2505","-1000","-1000","-1000","2505","2505","2505","-1000","-1000","-1000"
"3000","3007","3007","3007","-1000","-1000","-1000","3007","3007","3007","-1001","-1001","-1001","3007","3007","3007","-1001","-1001","-1001","3007","3007","3007","-1000","-1000","-1000","3007","3007","3007","-1004","-1004","-1004","3007","3007","3007","-1002","-1002","-1002","3007","3007","3007","-1000","-1000","-1000","3007","3007","3007","-1002","-1002","-1002","3007","3007","3007","-1002","-1002","-1002","3007","3007","3007","-1000","-1000","-1000"
"3500","3508","3508","3508","-1000","-1000","-1000","3508","3508","3508","-1000","-1000","-1000","3508","3508","3508","-1009","-1009","-1009","3508","3508","3508","-1001","-1001","-1001","3508","3508","3508","-1002","-1002","-1002","3508","3508","3508","-1000","-1000","-1000","3508","3508","3508","-1001","-1001","-1001","3508","3508","3508","-1000","-1000","-1000","3508","3508","3508","-1003","-1003","-1003","3508","3508","3508","-1000","-1000","-1000"
"4000","4010","4010","4010","-1001","-1001","-1001","4010","4010","4010","-1000","-1000","-1000","4010","4010","4010","-1000","-1000","-1000","4010","4010","4010","-1002","-1002","-1002","4010","4010","4010","-1002","-1002","-1002","4010","4010","4010","-1001","-1001","-1001","4010","4010","4010","-1001","-1001","-1001","4010","4010","4010","-1000","-1000","-1000","4010","4010","4010","-1000","-1000","-1000","4010","4010","4010","-1001","-1001","-1001"
"4500","4511","4511","4511","-1000","-1000","-1000","4511","4511","4511","-1001","-1001","-1001","4511","4511","4511","-1000","-1000","-1000","4511","4511","4511","-1000","-1000","-1000","4511","4511","4511","-1000","-1000","-1000","4511","4511","4511","-1000","-1000","-1000","4511","4511","4511","-1001","-1001","-1001","4511","4511","4511","-1000","-1000","-1000","4511","4511","4511","-1000","-1000","-1000","4511","4511","4511","-1002","-1002","-1002"
"5000","5013","5013","5013","-1001","-1001","-1001","5013","5013","5013","-1005","-1005","-1005","5013","5013","5013","-1004","-1004","-1004","5013","5013","5013","-1000","-1000","-1000","5013","5013","5013","-1002","-1002","-1002","5013","5013","5013","-1002","-1002","-1002","5013","5013","5013","-1000","-1000","-1000","5013","5013","5013","-1000","-1000","-1000","5013","5013","5013","-1000","-1000","-1000","5013","5013","5013","-1000","-1000","-1000"
"5500","5514","5514","5514","-1000","-1000","-1000","5514","5514","5514","-1002","-1002","-1002","5514","5514","5514","-1007","-1007","-1007","5514","5514","5514","-1001","-1001","-1001","5514","5514","5514","-1000","-1000","-1000","5514","5514","5514","-1000","-1000","-1000","5514","5514","5514","-1000","-1000","-1000","5514","5514","5514","-1002","-1002","-1002","5514","5514","5514","-1001","-1001","-1001","5514","5514","5514","-1001","-1001","-1001"
"6000","6016","6016","6016","-1000","-1000","-1000","6016","6016","6016","-1005","-1005","-1005","6016","6016","6016","-1000","-1000","-1000","6016","6016","6016","-1000","-1000","-1000","6016","6016","6016","-1002","-1002","-1002","6016","6016","6016","-1000","-1000","-1000","6016","6016","6016","-1000","-1000","-1000","6016","6016","6016","-1001","-1001","-1001","6016","6016","6016","-1000","-1000","-1000","6016","6016","6016","-1000","-1000","-1000"
"6500","6517","6517","6517","-1000","-1000","-1000","6517","6517","6517","-1002","-1002","-1002","6517","6517","6517","-1002","-1002","-1002","6517","6517","6517","-1003","-1003","-1003","6517","6517","6517","-1003","-1003","-1003","6517","6517","6517","-1001","-1001","-1001","6517","6517","6517","-1001","-1001","-1001","6517","6517","6517","-1000","-1000","-1000","6517","6517","6517","-1002","-1002","-1002","6517","6517","6517","-1001","-1001","-1001"
"7000","7019","7019","7019","-1000","-1000","-1000","7019","7019","7019","-1000","-1000","-1000","7019","7019","7019","-1001","-1001","-1001","7019","7019","7019","-1000","-1000","-1000","7019","7019","7019","-1001","-1001","-1001","7019","7019","7019","-1000","-1000","-1000","7019","7019","7019","-1000","-1000","-1000","7019","7019","7019","-1002","-1002","-1002","7019","7019","7019","-1002","-1002","-1002","7019","7019","7019","-1000","-1000","-1000"
"7500","7521","7521","7521","-1000","-1000","-1000","7521","7521","7521","-1000","-1000","-1000","7521","7521","7521","-1000","-1000","-1000","7521","7521","7521","-1002","-1002","-1002","7521","7521","7521","-1000","-1000","-1000","7521","7521","7521","-1000","-1000","-1000","7521","7521","7521","-1000","-1000","-1000","7521","7521","7521","-1000","-1000","-1000","7521","7521","7521","-1000","-1000","-1000","7521","7521","7521","-1003","-1003","-1003"
"8000","8023","8023","8023","-1002","-1002","-1002","8023","8023","8023","-1000","-1000","-1000","8023","8023","8023","-200","-200","-200","8023","8023","8023","-1000","-1000","-1000","8023","8023","8023","-1001","-1001","-1001","8023","8023","8023","-1003","-1003","-1003","8023","8023","8023","-200","-200","-200","8023","8023","8023","-1001","-1001","-1001","8023","8023","8023","-200","-200","-200","8023","8023","8023","-200","-200","-200"
"8500","8524","8524","8524","-1000","-1000","-1000","8524","8524","8524","-1004","-1004","-1004","8524","8524","8524","-200","-200","-200","8524","8524","8524","-1000","-1000","-1000","8524","8524","8524","-200","-200","-200","8524","8524","8524","-1000","-1000","-1000","8524","8524","8524","-200","-200","-200","8524","8524","8524","-1001","-1001","-1001","8524","8524","8524","-200","-200","-200","8524","8524","8524","-200","-200","-200"
"9000","9026","9026","9026","-1000","-1000","-1000","9026","9026","9026","-1001","-1001","-1001","9026","9026","9026","-200","-200","-200","9026","9026","9026","-1001","-1001","-1001","9026","9026","9026","-1000","-1000","-1000","9026","9026","9026","-1003","-1003","-1003","9026","9026","9026","-200","-200","-200","9026","9026","9026","-1001","-1001","-1001","9026","9026","9026","-1001","-1001","-1001","9026","9026","9026","-1001","-1001","-1001"
"9500","9527","9527","9527","-1000","-1000","-1000","9527","9527","9527","-1001","-1001","-1001","9527","9527","9527","-200","-200","-200","9527","9527","9527","-1000","-1000","-1000","9527","9527","9527","-1000","-1000","-1000","9527","9527","9527","-1002","-1002","-1002","9527","9527","9527","-1000","-1000","-1000","9527","9527","9527","-1000","-1000","-1000","9527","9527","9527","-1002","-1002","-1002","9527","9527","9527","-1005","-1005","-1005"
"10000","10029","10029","10029","-1000","-1000","-1000","10029","10029","10029","-1000","-1000","-1000","10029","10029","10029","-200","-200","-200","10029","10029","10029","-1001","-1001","-1001","10029","10029","10029","-1001","-1001","-1001","10029","10029","10029","-1005","-1005","-1005","10029","10029","10029","-1002","-1002","-1002","10029","10029","10029","-1002","-1002","-1002","10029","10029","10029","-1001","-1001","-1001","10029","10029","10029","-1002","-1002","-1002"
"10500","10530","10530","10530","-1002","-1002","-1002","10530","10530","10530","-1002","-1002","-1002","10530","10530","10530","-1001","-1001","-1001","10530","10530","10530","-1000","-1000","-1000","10530","10530","10530","-1001","-1001","-1001","10530","10530","10530","-1004","-1004","-1004","10530","10530","10530","-1000","-1000","-1000","10530","10530","10530","-1000","-1000","-1000","10530","10530","10530","-1000","-1000","-1000","10530","10530","10530","-1000","-1000","-1000"
"11000","11032","11032","11032","-1001","-1001","-1001","11032","11032","11032","-1001","-1001","-1001","11032","11032","11032","-1001","-1001","-1001","11032","11032","11032","-1000","-1000","-1000","11032","11032","11032","-1001","-1001","-1001","11032","11032","11032","-1000","-1000","-1000","11032","11032","11032","-1000","-1000","-1000","11032","11032","11032","-1000","-1000","-1000","11032","11032","11032","-1000","-1000","-1000","11032","11032","11032","-1002","-1002","-1002"
"11500","11533","11533","11533","-1002","-1002","-1002","11533","11533","11533","-1000","-1000","-1000","11533","11533","11533","-1001","-1001","-1001","11533","11533","11533","-1004","-1004","-1004","11533","11533","11533","-1000","-1000","-1000","11533","11533","11533","-1006","-1006","-1006","11533","11533","11533","-1001","-1001","-1001","11533","11533","11533","-1000","-1000","-1000","11533","11533","11533","-1000","-1000","-1000","11533","11533","11533","-1000","-1000","-1000"
"12000","12035","12035","12035","-1002","-1002","-1002","12035","12035","12035","-1000","-1000","-1000","12035","12035","12035","-1000","-1000","-1000","12035","12035","12035","-1001","-1001","-1001","12035","12035","12035","-1003","-1003","-1003","12035","12035","12035","-1000","-1000","-1000","12035","12035","12035","-1002","-1002","-1002","12035","12035","12035","-1003","-1003","-1003","12035","12035","12035","-1005","-1005","-1005","12035","12035","12035","-1004","-1004","-1004"
"12500","12536","12536","12536","-1002","-1002","-1002","12536","12536","12536","-1002","-1002","-1002","12536","12536","12536","-1002","-1002","-1002","12536","12536","12536","-1007","-1007","-1007","12536","12536","12536","-1000","-1000","-1000","12536","12536","12536","-1003","-1003","-1003","12536","12536","12536","-1000","-1000","-1000","12536","12536","12536","-1000","-1000","-1000","12536","12536","12536","-1002","-1002","-1002","12536","12536","12536","-1002","-1002","-1002"
"13000","13038","13038","13038","-1000","-1000","-1000","13038","13038","13038","-1003","-1003","-1003","13038","13038","13038","-1000","-1000","-1000","13038","13038","13038","-1000","-1000","-1000","13038","13038","13038","-1000","-1000","-1000","13038","13038","13038","-1005","-1005","-1005","13038","13038","13038","-1000","-1000","-1000","13038","13038","13038","-1000","-1000","-1000","13038","13038","13038","-1000","-1000","-1000","13038","13038","13038","-1000","-1000","-1000"
"13500","13539","13539","13539","-1000","-1000","-1000","13539","13539","13539","-1003","-1003","-1003","13539","13539","13539","-1001","-1001","-1001","13539","13539","13539","-1000","-1000","-1000","13539","13539","13539","-1000","-1000","-1000","13539","13539","13539","-1000","-1000","-1000","13539","13539","13539","-1001","-1001","-1001","13539","13539","13539","-1000","-1000","-1000","13539","13539","13539","-1000","-1000","-1000","13539","13539","13539","-1001","-1001","-1001"
"14000","14041","14041","14041","-1000","-1000","-1000","14041","14041","14041","-1001","-1001","-1001","14041","14041","14041","-1003","-1003","-1003","14041","14041","14041","-1000","-1000","-1000","14041","14041","14041","-1000","-1000","-1000","14041","14041","14041","-1001","-1001","-1001","14041","14041","14041","-1001","-1001","-1001","14041","14041","14041","-1000","-1000","-1000","14041","14041","14041","-1000","-1000","-1000","14041","14041","14041","-1002","-1002","-1002"
"14500","14543","14543","14543","-1000","-1000","-1000","14543","14543","14543","-1002","-1002","-1002","14543","14543","14543","-1000","-1000","-1000","14543","14543","14543","-1000","-1000","-1000","14543","14543","14543","-1000","-1000","-1000","14543","14543","14543","-1000","-1000","-1000","14543","14543","14543","-1004","-1004","-1004","14543","14543","14543","-1000","-1000","-1000","14543","14543","14543","-1010","-1010","-1010","14543","14543","14543","-1000","-1000","-1000"
"15000","15045","15045","15045","-1000","-1000","-1000","15045","15045","15045","-1000","-1000","-1000","15045","15045","15045","-1002","-1002","-1002","15045","15045","15045","-1000","-1000","-1000","15045","15045","15045","-1000","-1000","-1000","15045","15045","15045","-1000","-1000","-1000","15045","15045","15045","-1000","-1000","-1000","15045","15045","15045","-1002","-1002","-1002","15045","15045","15045","-1000","-1000","-1000","15045","15045","15045","-1001","-1001","-1001"
"15500","15546","15546","15546","-1000","-1000","-1000","15546","15546","15546","-1001","-1001","-1001","15546","15546","15546","-1001","-1001","-1001","15546","15546","15546","-1002","-1002","-1002","15546","15546","15546","-1000","-1000","-1000","15546","15546","15546","-1000","-1000","-1000","15546","15546","15546","-1002","-1002","-1002","15546","15546","15546","-1000","-1000","-1000","15546","15546","15546","-1001","-1001","-1001","15546","15546","15546","-1000","-1000","-1000"
"16000","16048","16048","16048","-1000","-1000","-1000","16048","16048","16048","-1000","-1000","-1000","16048","16048","16048","-1002","-1002","-1002","16048","16048","16048","-1000","-1000","-1000","16048","16048","16048","-1001","-1001","-1001","16048","16048","16048","-1002","-1002","-1002","16048","16048","16048","-1001","-1001","-1001","16048","16048","16048","-1000","-1000","-1000","16048","16048","16048","-1001","-1001","-1001","16048","16048","16048","-1001","-1001","-1001"
"16500","16549","16549","16549","-1004","-1004","-1004","16549","16549","16549","-1000","-1000","-1000","16549","16549","16549","-1002","-1002","-1002","16549","16549","16549","-1004","-1004","-1004","16549","16549","16549","-1000","-1000","-1000","16549","16549","16549","-1001","-1001","-1001","16549","16549","16549","-1001","-1001","-1001","16549","16549","16549","-1000","-1000","-1000","16549","16549","16549","-1000","-1000","-1000","16549","16549","16549","-1000","-1000","-1000"
"17000","17051","17051","17051","-1002","-1002","-1002","17051","17051","17051","-1002","-1002","-1002","17051","17051","17051","-1000","-1000","-1000","17051","17051","17051","-1000","-1000","-1000","17051","17051","17051","-1000","-1000","-1000","17051","17051","17051","-1002","-1002","-1002","17051","17051","17051","-1001","-1001","-1001","17051","17051","17051","-1000","-1000","-1000","17051","17051","17051","-1001","-1001","-1001","17051","17051","17051","-1000","-1000","-1000"
"17500","17552","17552","17552","-1000","-1000","-1000","17552","17552","17552","-1000","-1000","-1000","17552","17552","17552","-1001","-1001","-1001","17552","17552","17552","-1000","-1000","-1000","17552","17552","17552","-1000","-1000","-1000","17552","17552","17552","-1001","-1001","-1001","17552","17552","17552","-1003","-1003","-1003","17552","17552","17552","-1000","-1000","-1000","17552","17552","17552","-1000","-1000","-1000","17552","17552","17552","-1004","-1004","-1004"
"18000","18054","18054","18054","-1000","-1000","-1000","18054","18054","18054","-1000","-1000","-1000","18054","18054","18054","-1000","-1000","-1000","18054","18054","18054","-1001","-1001","-1001","18054","18054","18054","-1000","-1000","-1000","18054","18054","18054","-1001","-1001","-1001","18054","18054","18054","-1004","-1004","-1004","18054","18054","18054","-1001","-1001","-1001","18054","18054","18054","-1000","-1000","-1000","18054","18054","18054","-1001","-1001","-1001"
"18500","18555","18555","18555","-1000","-1000","-1000","18555","18555","18555","-1001","-1001","-1001","18555","18555","18555","-1000","-1000","-1000","18555","18555","18555","-1000","-1000","-1000","18555","18555","18555","-1000","-1000","-1000","18555","18555","18555","-1000","-1000","-1000","18555","18555","18555","-1001","-1001","-1001","18555","18555","18555","-1000","-1000","-1000","18555","18555","18555","-1000","-1000","-1000","18555","18555","18555","-1003","-1003","-1003"
"19000","19057","19057","19057","-1001","-1001","-1001","19057","19057","19057","-1000","-1000","-1000","19057","19057","19057","-1001","-1001","-1001","19057","19057","19057","-1000","-1000","-1000","19057","19057","19057","-1000","-1000","-1000","19057","19057","19057","-1001","-1001","-1001","19057","19057","19057","-1000","-1000","-1000","19057","19057","19057","-1000","-1000","-1000","19057","19057","19057","-1001","-1001","-1001","19057","19057","19057","-1003","-1003","-1003"
"19500","19558","19558","19558","-1004","-1004","-1004","19558","19558","19558","-1002","-1002","-1002","19558","19558","19558","-1000","-1000","-1000","19558","19558","19558","-1000","-1000","-1000","19558","19558","19558","-1003","-1003","-1003","19558","19558","19558","-1000","-1000","-1000","19558","19558","19558","-1000","-1000","-1000","19558","19558","19558","-1000","-1000","-1000","19558","19558","19558","-1000","-1000","-1000","19558","19558","19558","-1001","-1001","-1001"
"20000","20060","20060","20060","-1001","-1001","-1001","20060","20060","20060","-1000","-1000","-1000","20060","20060","20060","-1001","-1001","-1001","20060","20060","20060","-1001","-1001","-1001","20060","20060","20060","-1000","-1000","-1000","20060","20060","20060","-1000","-1000","-1000","20060","20060","20060","-1001","-1001","-1001","20060","20060","20060","-1000","-1000","-1000","20060","20060","20060","-1000","-1000","-1000","20060","20060","20060","-1001","-1001","-1001"
"20500","20561","20561","20561","-1003","-1003","-1003","20561","20561","20561","-1000","-1000","-1000","20561","20561","20561","-1000","-1000","-1000","20561","20561","20561","-1001","-1001","-1001","20561","20561","20561","-1002","-1002","-1002","20561","20561","20561","-1000","-1000","-1000","20561","20561","20561","-1000","-1000","-1000","20561","20561","20561","-1001","-1001","-1001","20561","20561","20561","-1002","-1002","-1002","20561","20561","20561","-1002","-1002","-1002"
"21000","21063","21063","21063","-1001","-1001","-1001","21063","21063","21063","-1001","-1001","-1001","21063","21063","21063","-1001","-1001","-1001","21063","21063","21063","-1001","-1001","-1001","21063","21063","21063","-1000","-1000","-1000","21063","21063","21063","-1000","-1000","-1000","21063","21063","21063","-1001","-1001","-1001","21063","21063","21063","-1000","-1000","-1000","21063","21063","21063","-1000","-1000","-1000","21063","21063","21063","-1000","-1000","-1000"
"21500","21565","21565","21565","-1000","-1000","-1000","21565","21565","21565","-1000","-1000","-1000","21565","21565","21565","-1002","-1002","-1002","21565","21565","21565","-1000","-1000","-1000","21565","21565","21565","-1000","-1000","-1000","21565","21565","21565","-1000","-1000","-1000","21565","21565","21565","-1000","-1000","-1000","21565","21565","21565","-200","-200","-200","21565","21565","21565","-1000","-1000","-1000","21565","21565","21565","-1001","-1001","-1001"
"22000","22067","22067","22067","-38","-38","-38","22067","22067","22067","-1000","-1000","-1000","22067","22067","22067","-200","-200","-200","22067","22067","22067","-1000","-1000","-1000","22067","22067","22067","-38","-38","-38","22067","22067","22067","-1000","-1000","-1000","22067","22067","22067","-38","-38","-38","22067","22067","22067","-38","-38","-38","22067","22067","22067","-200","-200","-200","22067","22067","22067","-38","-38","-38"
"22500","22568","22568","22568","-38","-38","-38","22568","22568","22568","-38","-38","-38","22568","22568","22568","-38","-38","-38","22568","22568","22568","-38","-38","-38","22568","22568","22568","-38","-38","-38","22568","22568","22568","-38","-38","-38","22568","22568","22568","-38","-38","-38","22568","22568","22568","-38","-38","-38","22568","22568","22568","-200","-200","-200","22568","22568","22568","-38","-38","-38"
"23000","23070","23070","23070","-38","-38","-38","23070","23070","23070","-38","-38","-38","23070","23070","23070","-38","-38","-38","23070","23070","23070","-38","-38","-38","23070","23070","23070","-38","-38","-38","23070","23070","23070","-38","-38","-38","23070","23070","23070","-38","-38","-38","23070","23070","23070","-38","-38","-38","23070","23070","23070","-38","-38","-38","23070","23070","23070","-38","-38","-38"
"23500","23571","23571","23571","-38","-38","-38","23571","23571","23571","-38","-38","-38","23571","23571","23571","-38","-38","-38","23571","23571","23571","-38","-38","-38","23571","23571","23571","-38","-38","-38","23571","23571","23571","-38","-38","-38","23571","23571","23571","-38","-38","-38","23571","23571","23571","-38","-38","-38","23571","23571","23571","-38","-38","-38","23571","23571","23571","-38","-38","-38"
"24000","24073","24073","24073","-38","-38","-38","24073","24073","24073","-38","-38","-38","24073","24073","24073","-38","-38","-38","24073","24073","24073","-38","-38","-38","24073","24073","24073","-38","-38","-38","24073","24073","24073","-38","-38","-38","24073","24073","24073","-38","-38","-38","24073","24073","24073","-38","-38","-38","24073","24073","24073","-38","-38","-38","24073","24073","24073","-38","-38","-38"
"24500","24574","24574","24574","-38","-38","-38","24574","24574","24574","-38","-38","-38","24574","24574","24574","-38","-38","-38","24574","24574","24574","-38","-38","-38","24574","24574","24574","-38","-38","-38","24574","24574","24574","-38","-38","-38","24574","24574","24574","-38","-38","-38","24574","24574","24574","-38","-38","-38","24574","24574","24574","-38","-38","-38","24574","24574","24574","-38","-38","-38"
"25000","25076","25076","25076","-38","-38","-38","25076","25076","25076","-38","-38","-38","25076","25076","25076","-38","-38","-38","25076","25076","25076","-38","-38","-38","25076","25076","25076","-38","-38","-38","25076","25076","25076","-38","-38","-38","25076","25076","25076","-38","-38","-38","25076","25076","25076","-38","-38","-38","25076","25076","25076","-38","-38","-38","25076","25076","25076","-38","-38","-38"
"25500","25577","25577","25577","-38","-38","-38","25577","25577","25577","-38","-38","-38","25577","25577","25577","-38","-38","-38","25577","25577","25577","-38","-38","-38","25577","25577","25577","-38","-38","-38","25577","25577","25577","-38","-38","-38","25577","25577","25577","-38","-38","-38","25577","25577","25577","-38","-38","-38","25577","25577","25577","-38","-38","-38","25577","25577","25577","-38","-38","-38"
"26000","26079","26079","26079","-38","-38","-38","26079","26079","26079","-38","-38","-38","26079","26079","26079","-38","-38","-38","26079","26079","26079","-38","-38","-38","26079","26079","26079","-38","-38","-38","26079","26079","26079","-38","-38","-38","26079","26079","26079","-38","-38","-38","26079","26079","26079","-38","-38","-38","26079","26079","26079","-38","-38","-38","26079","26079","26079","-38","-38","-38"
"26500","26580","26580","26580","-38","-38","-38","26580","26580","26580","-38","-38","-38","26580","26580","26580","-38","-38","-38","26580","26580","26580","-38","-38","-38","26580","26580","26580","-38","-38","-38","26580","26580","26580","-38","-38","-38","26580","26580","26580","-38","-38","-38","26580","26580","26580","-38","-38","-38","26580","26580","26580","-38","-38","-38","26580","26580","26580","-38","-38","-38"
"27000","27082","27082","27082","-38","-38","-38","27082","27082","27082","-38","-38","-38","27082","27082","27082","-38","-38","-38","27082","27082","27082","-38","-38","-38","27082","27082","27082","-38","-38","-38","27082","27082","27082","-38","-38","-38","27082","27082","27082","-38","-38","-38","27082","27082","27082","-38","-38","-38","27082","27082","27082","-38","-38","-38","27082","27082","27082","-38","-38","-38"
"27500","27583","27583","27583","-38","-38","-38","27583","27583","27583","-38","-38","-38","27583","27583","27583","-38","-38","-38","27583","27583","27583","-38","-38","-38","27583","27583","27583","-38","-38","-38","27583","27583","27583","-38","-38","-38","27583","27583","27583","-38","-38","-38","27583","27583","27583","-38","-38","-38","27583","27583","27583","-38","-38","-38","27583","27583","27583","-38","-38","-38"
"28000","28085","28085","28085","-38","-38","-38","28085","28085","28085","-38","-38","-38","28085","28085","28085","-38","-38","-38","28085","28085","28085","-38","-38","-38","28085","28085","28085","-38","-38","-38","28085","28085","28085","-38","-38","-38","28085","28085","28085","-38","-38","-38","28085","28085","28085","-38","-38","-38","28085","28085","28085","-38","-38","-38","28085","28085","28085","-38","-38","-38"
"28500","28587","28587","28587","-38","-38","-38","28587","28587","28587","-38","-38","-38","28587","28587","28587","-38","-38","-38","28587","28587","28587","-38","-38","-38","28587","28587","28587","-38","-38","-38","28587","28587","28587","-38","-38","-38","28587","28587","28587","-38","-38","-38","28587","28587","28587","-38","-38","-38","28587","28587","28587","-38","-38","-38","28587","28587","28587","-38","-38","-38"
"29000","29089","29089","29089","-38","-38","-38","29089","29089","29089","-38","-38","-38","29089","29089","29089","-38","-38","-38","29089","29089","29089","-38","-38","-38","29089","29089","29089","-38","-38","-38","29089","29089","29089","-38","-38","-38","29089","29089","29089","-38","-38","-38","29089","29089","29089","-38","-38","-38","29089","29089","29089","-38","-38","-38","29089","29089","29089","-38","-38","-38"
"29500","29590","29590","29590","-38","-38","-38","29590","29590","29590","-38","-38","-38","29590","29590","29590","-38","-38","-38","29590","29590","29590","-38","-38","-38","29590","29590","29590","-38","-38","-38","29590","29590","29590","-38","-38","-38","29590","29590","29590","-38","-38","-38","29590","29590","29590","-38","-38","-38","29590","29590","29590","-38","-38","-38","29590","29590","29590","-38","-38","-38"
"30000","30092","30092","30092","-38","-38","-38","30092","30092","30092","-38","-38","-38","30092","30092","30092","-38","-38","-38","30092","30092","30092","-38","-38","-38","30092","30092","30092","-38","-38","-38","30092","30092","30092","-38","-38","-38","30092","30092","30092","-38","-38","-38","30092","30092","30092","-38","-38","-38","30092","30092","30092","-38","-38","-38","30092","30092","30092","-38","-38","-38"
"30500","30593","30593","30593","-38","-38","-38","30593","30593","30593","-38","-38","-38","30593","30593","30593","-38","-38","-38","30593","30593","30593","-38","-38","-38","30593","30593","30593","-38","-38","-38","30593","30593","30593","-38","-38","-38","30593","30593","30593","-38","-38","-38","30593","30593","30593","-38","-38","-38","30593","30593","30593","-38","-38","-38","30593","30593","30593","-38","-38","-38"
"31000","31095","31095","31095","-38","-38","-38","31095","31095","31095","-38","-38","-38","31095","31095","31095","-38","-38","-38","31095","31095","31095","-38","-38","-38","31095","31095","31095","-38","-38","-38","31095","31095","31095","-38","-38","-38","31095","31095","31095","-38","-38","-38","31095","31095","31095","-38","-38","-38","31095","31095","31095","-38","-38","-38","31095","31095","31095","-38","-38","-38"
"31500","31596","31596","31596","-38","-38","-38","31596","31596","31596","-38","-38","-38","31596","31596","31596","-38","-38","-38","31596","31596","31596","-38","-38","-38","31596","31596","31596","-38","-38","-38","31596","31596","31596","-38","-38","-38","31596","31596","31596","-38","-38","-38","31596","31596","31596","-38","-38","-38","31596","31596","31596","-38","-38","-38","31596","31596","31596","-38","-38","-38"
"32000","32098","32098","32098","-38","-38","-38","32098","32098","32098","-38","-38","-38","32098","32098","32098","-38","-38","-38","32098","32098","32098","-38","-38","-38","32098","32098","32098","-38","-38","-38","32098","32098","32098","-38","-38","-38","32098","32098","32098","-38","-38","-38","32098","32098","32098","-38","-38","-38","32098","32098","32098","-38","-38","-38","32098","32098","32098","-38","-38","-38"
"32500","32599","32599","32599","-38","-38","-38","32599","32599","32599","-38","-38","-38","32599","32599","32599","-38","-38","-38","32599","32599","32599","-38","-38","-38","32599","32599","32599","-38","-38","-38","32599","32599","32599","-38","-38","-38","32599","32599","32599","-38","-38","-38","32599","32599","32599","-38","-38","-38","32599","32599","32599","-38","-38","-38","32599","32599","32599","-38","-38","-38"
"33000","33101","33101","33101","-38","-38","-38","33101","33101","33101","-38","-38","-38","33101","33101","33101","-38","-38","-38","33101","33101","33101","-38","-38","-38","33101","33101","33101","-38","-38","-38","33101","33101","33101","-38","-38","-38","33101","33101","33101","-38","-38","-38","33101","33101","33101","-38","-38","-38","33101","33101","33101","-38","-38","-38","33101","33101","33101","-38","-38","-38"
"33500","33602","33602","33602","-38","-38","-38","33602","33602","33602","-38","-38","-38","33602","33602","33602","-38","-38","-38","33602","33602","33602","-38","-38","-38","33602","33602","33602","-38","-38","-38","33602","33602","33602","-38","-38","-38","33602","33602","33602","-38","-38","-38","33602","33602","33602","-38","-38","-38","33602","33602","33602","-38","-38","-38","33602","33602","33602","-38","-38","-38"
"34000","34104","34104","34104","-38","-38","-38","34104","34104","34104","-38","-38","-38","34104","34104","34104","-38","-38","-38","34104","34104","34104","-38","-38","-38","34104","34104","34104","-38","-38","-38","34104","34104","34104","-38","-38","-38","34104","34104","34104","-38","-38","-38","34104","34104","34104","-38","-38","-38","34104","34104","34104","-38","-38","-38","34104","34104","34104","-38","-38","-38"
"34500","34605","34605","34605","-38","-38","-38","34605","34605","34605","-38","-38","-38","34605","34605","34605","-38","-38","-38","34605","34605","34605","-38","-38","-38","34605","34605","34605","-38","-38","-38","34605","34605","34605","-38","-38","-38","34605","34605","34605","-38","-38","-38","34605","34605","34605","-38","-38","-38","34605","34605","34605","-38","-38","-38","34605","34605","34605","-38","-38","-38"
"35000","35107","35107","35107","-38","-38","-38","35107","35107","35107","-38","-38","-38","35107","35107","35107","-38","-38","-38","35107","35107","35107","-38","-38","-38","35107","35107","35107","-38","-38","-38","35107","35107","35107","-38","-38","-38","35107","35107","35107","-38","-38","-38","35107","35107","35107","-38","-38","-38","35107","35107","35107","-38","-38","-38","35107","35107","35107","-38","-38","-38"
"35500","35609","35609","35609","-38","-38","-38","35609","35609","35609","-38","-38","-38","35609","35609","35609","-38","-38","-38","35609","35609","35609","-38","-38","-38","35609","35609","35609","-38","-38","-38","35609","35609","35609","-38","-38","-38","35609","35609","35609","-38","-38","-38","35609","35609","35609","-38","-38","-38","35609","35609","35609","-38","-38","-38","35609","35609","35609","-38","-38","-38"
"36000","36111","36111","36111","-38","-38","-38","36111","36111","36111","-38","-38","-38","36111","36111","36111","-38","-38","-38","36111","36111","36111","-38","-38","-38","36111","36111","36111","-38","-38","-38","36111","36111","36111","-38","-38","-38","36111","36111","36111","-38","-38","-38","36111","36111","36111","-38","-38","-38","36111","36111","36111","-38","-38","-38","36111","36111","36111","-38","-38","-38"
"36500","36612","36612","36612","-38","-38","-38","36612","36612","36612","-38","-38","-38","36612","36612","36612","-38","-38","-38","36612","36612","36612","-38","-38","-38","36612","36612","36612","-38","-38","-38","36612","36612","36612","-38","-38","-38","36612","36612","36612","-38","-38","-38","36612","36612","36612","-38","-38","-38","36612","36612","36612","-38","-38","-38","36612","36612","36612","-38","-38","-38"
"37000","37114","37114","37114","-38","-38","-38","37114","37114","37114","-38","-38","-38","37114","37114","37114","-38","-38","-38","37114","37114","37114","-38","-38","-38","37114","37114","37114","-38","-38","-38","37114","37114","37114","-38","-38","-38","37114","37114","37114","-38","-38","-38","37114","37114","37114","-38","-38","-38","37114","37114","37114","-38","-38","-38","37114","37114","37114","-38","-38","-38"
"37500","37615","37615","37615","-38","-38","-38","37615","37615","37615","-38","-38","-38","37615","37615","37615","-38","-38","-38","37615","37615","37615","-38","-38","-38","37615","37615","37615","-38","-38","-38","37615","37615","37615","-38","-38","-38","37615","37615","37615","-38","-38","-38","37615","37615","37615","-38","-38","-38","37615","37615","37615","-38","-38","-38","37615","37615","37615","-38","-38","-38"
"38000","38117","38117","38117","-38","-38","-38","38117","38117","38117","-38","-38","-38","38117","38117","38117","-38","-38","-38","38117","38117","38117","-38","-38","-38","38117","38117","38117","-38","-38","-38","38117","38117","38117","-38","-38","-38","38117","38117","38117","-38","-38","-38","38117","38117","38117","-38","-38","-38","38117","38117","38117","-38","-38","-38","38117","38117","38117","-38","-38","-38"
"38500","38618","38618","38618","-38","-38","-38","38618","38618","38618","-38","-38","-38","38618","38618","38618","-38","-38","-38","38618","38618","38618","-38","-38","-38","38618","38618","38618","-38","-38","-38","38618","38618","38618","-38","-38","-38","38618","38618","38618","-38","-38","-38","38618","38618","38618","-38","-38","-38","38618","38618","38618","-38","-38","-38","38618","38618","38618","-38","-38","-38"
"39000","39120","39120","39120","-38","-38","-38","39120","39120","39120","-38","-38","-38","39120","39120","39120","-38","-38","-38","39120","39120","39120","-38","-38","-38","39120","39120","39120","-38","-38","-38","39120","39120","39120","-38","-38","-38","39120","39120","39120","-38","-38","-38","39120","39120","39120","-38","-38","-38","39120","39120","39120","-38","-38","-38","39120","39120","39120","-38","-38","-38"
"39500","39621","39621","39621","-38","-38","-38","39621","39621","39621","-38","-38","-38","39621","39621","39621","-38","-38","-38","39621","39621","39621","-38","-38","-38","39621","39621","39621","-38","-38","-38","39621","39621","39621","-38","-38","-38","39621","39621","39621","-38","-38","-38","39621","39621","39621","-38","-38","-38","39621","39621","39621","-38","-38","-38","39621","39621","39621","-38","-38","-38"
"40000","40123","40123","40123","-38","-38","-38","40123","40123","40123","-38","-38","-38","40123","40123","40123","-38","-38","-38","40123","40123","40123","-38","-38","-38","40123","40123","40123","-38","-38","-38","40123","40123","40123","-38","-38","-38","40123","40123","40123","-38","-38","-38","40123","40123","40123","-38","-38","-38","40123","40123","40123","-38","-38","-38","40123","40123","40123","-38","-38","-38"
"40500","40624","40624","40624","-38","-38","-38","40624","40624","40624","-38","-38","-38","40624","40624","40624","-38","-38","-38","40624","40624","40624","-38","-38","-38","40624","40624","40624","-38","-38","-38","40624","40624","40624","-38","-38","-38","40624","40624","40624","-38","-38","-38","40624","40624","40624","-38","-38","-38","40624","40624","40624","-38","-38","-38","40624","40624","40624","-38","-38","-38"
"41000","41126","41126","41126","-38","-38","-38","41126","41126","41126","-38","-38","-38","41126","41126","41126","-38","-38","-38","41126","41126","41126","-38","-38","-38","41126","41126","41126","-38","-38","-38","41126","41126","41126","-38","-38","-38","41126","41126","41126","-38","-38","-38","41126","41126","41126","-38","-38","-38","41126","41126","41126","-38","-38","-38","41126","41126","41126","-38","-38","-38"
"41500","41627","41627","41627","-38","-38","-38","41627","41627","41627","-38","-38","-38","41627","41627","41627","-38","-38","-38","41627","41627","41627","-38","-38","-38","41627","41627","41627","-38","-38","-38","41627","41627","41627","-38","-38","-38","41627","41627","41627","-38","-38","-38","41627","41627","41627","-38","-38","-38","41627","41627","41627","-38","-38","-38","41627","41627","41627","-38","-38","-38"
"42000","42129","42129","42129","-38","-38","-38","42129","42129","42129","-38","-38","-38","42129","42129","42129","-38","-38","-38","42129","42129","42129","-38","-38","-38","42129","42129","42129","-38","-38","-38","42129","42129","42129","-38","-38","-38","42129","42129","42129","-38","-38","-38","42129","42129","42129","-38","-38","-38","42129","42129","42129","-38","-38","-38","42129","42129","42129","-38","-38","-38"
"42500","42631","42631","42631","-38","-38","-38","42631","42631","42631","-38","-38","-38","42631","42631","42631","-38","-38","-38","42631","42631","42631","-38","-38","-38","42631","42631","42631","-38","-38","-38","42631","42631","42631","-38","-38","-38","42631","42631","42631","-38","-38","-38","42631","42631","42631","-38","-38","-38","42631","42631","42631","-38","-38","-38","42631","42631","42631","-38","-38","-38"
"43000","43133","43133","43133","-38","-38","-38","43133","43133","43133","-38","-38","-38","43133","43133","43133","-38","-38","-38","43133","43133","43133","-38","-38","-38","43133","43133","43133","-38","-38","-38","43133","43133","43133","-38","-38","-38","43133","43133","43133","-38","-38","-38","43133","43133","43133","-38","-38","-38","43133","43133","43133","-38","-38","-38","43133","43133","43133","-38","-38","-38"
"43500","43634","43634","43634","-38","-38","-38","43634","43634","43634","-38","-38","-38","43634","43634","43634","-38","-38","-38","43634","43634","43634","-38","-38","-38","43634","43634","43634","-38","-38","-38","43634","43634","43634","-38","-38","-38","43634","43634","43634","-38","-38","-38","43634","43634","43634","-38","-38","-38","43634","43634","43634","-38","-38","-38","43634","43634","43634","-38","-38","-38"
"44000","44136","44136","44136","-38","-38","-38","44136","44136","44136","-38","-38","-38","44136","44136","44136","-38","-38","-38","44136","44136","44136","-38","-38","-38","44136","44136","44136","-38","-38","-38","44136","44136","44136","-38","-38","-38","44136","44136","44136","-38","-38","-38","44136","44136","44136","-38","-38","-38","44136","44136","44136","-38","-38","-38","44136","44136","44136","-38","-38","-38"
"44500","44637","44637","44637","-38","-38","-38","44637","44637","44637","-38","-38","-38","44637","44637","44637","-38","-38","-38","44637","44637","44637","-38","-38","-38","44637","44637","44637","-38","-38","-38","44637","44637","44637","-38","-38","-38","44637","44637","44637","-38","-38","-38","44637","44637","44637","-38","-38","-38","44637","44637","44637","-38","-38","-38","44637","44637","44637","-38","-38","-38"
"45000","45139","45139","45139","-38","-38","-38","45139","45139","45139","-38","-38","-38","45139","45139","45139","-38","-38","-38","45139","45139","45139","-38","-38","-38","45139","45139","45139","-38","-38","-38","45139","45139","45139","-38","-38","-38","45139","45139","45139","-38","-38","-38","45139","45139","45139","-38","-38","-38","45139","45139","45139","-38","-38","-38","45139","45139","45139","-38","-38","-38"
"45500","45640","45640","45640","-38","-38","-38","45640","45640","45640","-38","-38","-38","45640","45640","45640","-38","-38","-38","45640","45640","45640","-38","-38","-38","45640","45640","45640","-38","-38","-38","45640","45640","45640","-38","-38","-38","45640","45640","45640","-38","-38","-38","45640","45640","45640","-38","-38","-38","45640","45640","45640","-38","-38","-38","45640","45640","45640","-38","-38","-38"
"46000","46142","46142","46142","-38","-38","-38","46142","46142","46142","-38","-38","-38","46142","46142","46142","-38","-38","-38","46142","46142","46142","-38","-38","-38","46142","46142","46142","-38","-38","-38","46142","46142","46142","-38","-38","-38","46142","46142","46142","-38","-38","-38","46142","46142","46142","-38","-38","-38","46142","46142","46142","-38","-38","-38","46142","46142","46142","-38","-38","-38"
"46500","46643","46643","46643","-38","-38","-38","46643","46643","46643","-38","-38","-38","46643","46643","46643","-38","-38","-38","46643","46643","46643","-38","-38","-38","46643","46643","46643","-38","-38","-38","46643","46643","46643","-38","-38","-38","46643","46643","46643","-38","-38","-38","46643","46643","46643","-38","-38","-38","46643","46643","46643","-38","-38","-38","46643","46643","46643","-38","-38","-38"
"47000","47145","47145","47145","-38","-38","-38","47145","47145","47145","-38","-38","-38","47145","47145","47145","-38","-38","-38","47145","47145","47145","-38","-38","-38","47145","47145","47145","-38","-38","-38","47145","47145","47145","-38","-38","-38","47145","47145","47145","-38","-38","-38","47145","47145","47145","-38","-38","-38","47145","47145","47145","-38","-38","-38","47145","47145","47145","-38","-38","-38"
"47500","47646","47646","47646","-38","-38","-38","47646","47646","47646","-38","-38","-38","47646","47646","47646","-38","-38","-38","47646","47646","47646","-38","-38","-38","47646","47646","47646","-38","-38","-38","47646","47646","47646","-38","-38","-38","47646","47646","47646","-38","-38","-38","47646","47646","47646","-38","-38","-38","47646","47646","47646","-38","-38","-38","47646","47646","47646","-38","-38","-38"
"48000","48148","48148","48148","-38","-38","-38","48148","48148","48148","-38","-38","-38","48148","48148","48148","-38","-38","-38","48148","48148","48148","-38","-38","-38","48148","48148","48148","-38","-38","-38","48148","48148","48148","-38","-38","-38","48148","48148","48148","-38","-38","-38","48148","48148","48148","-38","-38","-38","48148","48148","48148","-38","-38","-38","48148","48148","48148","-38","-38","-38"
"48500","48649","48649","48649","-38","-38","-38","48649","48649","48649","-38","-38","-38","48649","48649","48649","-38","-38","-38","48649","48649","48649","-38","-38","-38","48649","48649","48649","-38","-38","-38","48649","48649","48649","-38","-38","-38","48649","48649","48649","-38","-38","-38","48649","48649","48649","-38","-38","-38","48649","48649","48649","-38","-38","-38","48649","48649","48649","-38","-38","-38"
"49000","49151","49151","49151","-38","-38","-38","49151","49151","49151","-38","-38","-38","49151","49151","49151","-38","-38","-38","49151","49151","49151","-38","-38","-38","49151","49151","49151","-38","-38","-38","49151","49151","49151","-38","-38","-38","49151","49151","49151","-38","-38","-38","49151","49151","49151","-38","-38","-38","49151","49151","49151","-38","-38","-38","49151","49151","49151","-38","-38","-38"
"49500","49653","49653","49653","-38","-38","-38","49653","49653","49653","-38","-38","-38","49653","49653","49653","-38","-38","-38","49653","49653","49653","-38","-38","-38","49653","49653","49653","-38","-38","-38","49653","49653","49653","-38","-38","-38","49653","49653","49653","-38","-38","-38","49653","49653","49653","-38","-38","-38","49653","49653","49653","-38","-38","-38","49653","49653","49653","-38","-38","-38"
"50000","50155","50155","50155","-38","-38","-38","50155","50155","50155","-38","-38","-38","50155","50155","50155","-38","-38","-38","50155","50155","50155","-38","-38","-38","50155","50155","50155","-38","-38","-38","50155","50155","50155","-38","-38","-38","50155","50155","50155","-38","-38","-38","50155","50155","50155","-38","-38","-38","50155","50155","50155","-38","-38","-38","50155","50155","50155","-38","-38","-38"
"50500","50656","50656","50656","-38","-38","-38","50656","50656","50656","-38","-38","-38","50656","50656","50656","-38","-38","-38","50656","50656","50656","-38","-38","-38","50656","50656","50656","-38","-38","-38","50656","50656","50656","-38","-38","-38","50656","50656","50656","-38","-38","-38","50656","50656","50656","-38","-38","-38","50656","50656","50656","-38","-38","-38","50656","50656","50656","-38","-38","-38"
"51000","51158","51158","51158","-38","-38","-38","51158","51158","51158","-38","-38","-38","51158","51158","51158","-38","-38","-38","51158","51158","51158","-38","-38","-38","51158","51158","51158","-38","-38","-38","51158","51158","51158","-38","-38","-38","51158","51158","51158","-38","-38","-38","51158","51158","51158","-38","-38","-38","51158","51158","51158","-38","-38","-38","51158","51158","51158","-38","-38","-38"
"51500","51659","51659","51659","-38","-38","-38","51659","51659","51659","-38","-38","-38","51659","51659","51659","-38","-38","-38","51659","51659","51659","-38","-38","-38","51659","51659","51659","-38","-38","-38","51659","51659","51659","-38","-38","-38","51659","51659","51659","-38","-38","-38","51659","51659","51659","-38","-38","-38","51659","51659","51659","-38","-38","-38","51659","51659","51659","-38","-38","-38"
"52000","52161","52161","52161","-38","-38","-38","52161","52161","52161","-38","-38","-38","52161","52161","52161","-38","-38","-38","52161","52161","52161","-38","-38","-38","52161","52161","52161","-38","-38","-38","52161","52161","52161","-38","-38","-38","52161","52161","52161","-38","-38","-38","52161","52161","52161","-38","-38","-38","52161","52161","52161","-38","-38","-38","52161","52161","52161","-38","-38","-38"
"52500","52662","52662","52662","-38","-38","-38","52662","52662","52662","-38","-38","-38","52662","52662","52662","-38","-38","-38","52662","52662","52662","-38","-38","-38","52662","52662","52662","-38","-38","-38","52662","52662","52662","-38","-38","-38","52662","52662","52662","-38","-38","-38","52662","52662","52662","-38","-38","-38","52662","52662","52662","-38","-38","-38","52662","52662","52662","-38","-38","-38"
"53000","53164","53164","53164","-38","-38","-38","53164","53164","53164","-38","-38","-38","53164","53164","53164","-38","-38","-38","53164","53164","53164","-38","-38","-38","53164","53164","53164","-38","-38","-38","53164","53164","53164","-38","-38","-38","53164","53164","53164","-38","-38","-38","53164","53164","53164","-38","-38","-38","53164","53164","53164","-38","-38","-38","53164","53164","53164","-38","-38","-38"
"53500","53665","53665","53665","-38","-38","-38","53665","53665","53665","-38","-38","-38","53665","53665","53665","-38","-38","-38","53665","53665","53665","-38","-38","-38","53665","53665","53665","-38","-38","-38","53665","53665","53665","-38","-38","-38","53665","53665","53665","-38","-38","-38","53665","53665","53665","-38","-38","-38","53665","53665","53665","-38","-38","-38","53665","53665","53665","-38","-38","-38"
"54000","54167","54167","54167","-38","-38","-38","54167","54167","54167","-38","-38","-38","54167","54167","54167","-38","-38","-38","54167","54167","54167","-38","-38","-38","54167","54167","54167","-38","-38","-38","54167","54167","54167","-38","-38","-38","54167","54167","54167","-38","-38","-38","54167","54167","54167","-38","-38","-38","54167","54167","54167","-38","-38","-38","54167","54167","54167","-38","-38","-38"
"54500","54668","54668","54668","-38","-38","-38","54668","54668","54668","-38","-38","-38","54668","54668","54668","-38","-38","-38","54668","54668","54668","-38","-38","-38","54668","54668","54668","-38","-38","-38","54668","54668","54668","-38","-38","-38","54668","54668","54668","-38","-38","-38","54668","54668","54668","-38","-38","-38","54668","54668","54668","-38","-38","-38","54668","54668","54668","-38","-38","-38"
"55000","55170","55170","55170","-38","-38","-38","55170","55170","55170","-38","-38","-38","55170","55170","55170","-38","-38","-38","55170","55170","55170","-38","-38","-38","55170","55170","55170","-38","-38","-38","55170","55170","55170","-38","-38","-38","55170","55170","55170","-38","-38","-38","55170","55170","55170","-38","-38","-38","55170","55170","55170","-38","-38","-38","55170","55170","55170","-38","-38","-38"
"55500","55671","55671","55671","-38","-38","-38","55671","55671","55671","-38","-38","-38","55671","55671","55671","-38","-38","-38","55671","55671","55671","-38","-38","-38","55671","55671","55671","-38","-38","-38","55671","55671","55671","-38","-38","-38","55671","55671","55671","-38","-38","-38","55671","55671","55671","-38","-38","-38","55671","55671","55671","-38","-38","-38","55671","55671","55671","-38","-38","-38"
"56000","56173","56173","56173","-38","-38","-38","56173","56173","56173","-38","-38","-38","56173","56173","56173","-38","-38","-38","56173","56173","56173","-38","-38","-38","56173","56173","56173","-38","-38","-38","56173","56173","56173","-38","-38","-38","56173","56173","56173","-38","-38","-38","56173","56173","56173","-38","-38","-38","56173","56173","56173","-38","-38","-38","56173","56173","56173","-38","-38","-38"
"56500","56675","56675","56675","-38","-38","-38","56675","56675","56675","-38","-38","-38","56675","56675","56675","-38","-38","-38","56675","56675","56675","-38","-38","-38","56675","56675","56675","-38","-38","-38","56675","56675","56675","-38","-38","-38","56675","56675","56675","-38","-38","-38","56675","56675","56675","-38","-38","-38","56675","56675","56675","-38","-38","-38","56675","56675","56675","-38","-38","-38"
"57000","57177","57177","57177","-38","-38","-38","57177","57177","57177","-38","-38","-38","57177","57177","57177","-38","-38","-38","57177","57177","57177","-38","-38","-38","57177","57177","57177","-38","-38","-38","57177","57177","57177","-38","-38","-38","57177","57177","57177","-38","-38","-38","57177","57177","57177","-38","-38","-38","57177","57177","57177","-38","-38","-38","57177","57177","57177","-38","-38","-38"
"57500","57678","57678","57678","-38","-38","-38","57678","57678","57678","-38","-38","-38","57678","57678","57678","-38","-38","-38","57678","57678","57678","-38","-38","-38","57678","57678","57678","-38","-38","-38","57678","57678","57678","-38","-38","-38","57678","57678","57678","-38","-38","-38","57678","57678","57678","-38","-38","-38","57678","57678","57678","-38","-38","-38","57678","57678","57678","-38","-38","-38"
"58000","58180","58180","58180","-38","-38","-38","58180","58180","58180","-38","-38","-38","58180","58180","58180","-38","-38","-38","58180","58180","58180","-38","-38","-38","58180","58180","58180","-38","-38","-38","58180","58180","58180","-38","-38","-38","58180","58180","58180","-38","-38","-38","58180","58180","58180","-38","-38","-38","58180","58180","58180","-38","-38","-38","58180","58180","58180","-38","-38","-38"
"58500","58681","58681","58681","-38","-38","-38","58681","58681","58681","-38","-38","-38","58681","58681","58681","-38","-38","-38","58681","58681","58681","-38","-38","-38","58681","58681","58681","-38","-38","-38","58681","58681","58681","-38","-38","-38","58681","58681","58681","-38","-38","-38","58681","58681","58681","-38","-38","-38","58681","58681","58681","-38","-38","-38","58681","58681","58681","-38","-38","-38"
"59000","59183","59183","59183","-38","-38","-38","59183","59183","59183","-38","-38","-38","59183","59183","59183","-38","-38","-38","59183","59183","59183","-38","-38","-38","59183","59183","59183","-38","-38","-38","59183","59183","59183","-38","-38","-38","59183","59183","59183","-38","-38","-38","59183","59183","59183","-38","-38","-38","59183","59183","59183","-38","-38","-38","59183","59183","59183","-38","-38","-38"
"59500","59684","59684","59684","-38","-38","-38","59684","59684","59684","-38","-38","-38","59684","59684","59684","-38","-38","-38","59684","59684","59684","-38","-38","-38","59684","59684","59684","-38","-38","-38","59684","59684","59684","-38","-38","-38","59684","59684","59684","-38","-38","-38","59684","59684","59684","-38","-38","-38","59684","59684","59684","-38","-38","-38","59684","59684","59684","-38","-38","-38"
"60000","60186","60186","60186","-38","-38","-38","60186","60186","60186","-38","-38","-38","60186","60186","60186","-38","-38","-38","60186","60186","60186","-38","-38","-38","60186","60186","60186","-38","-38","-38","60186","60186","60186","-38","-38","-38","60186","60186","60186","-38","-38","-38","60186","60186","60186","-38","-38","-38","60186","60186","60186","-38","-38","-38","60186","60186","60186","-38","-38","-38"
"60500","60687","60687","60687","-38","-38","-38","60687","60687","60687","-38","-38","-38","60687","60687","60687","-38","-38","-38","60687","60687","60687","-38","-38","-38","60687","60687","60687","-38","-38","-38","60687","60687","60687","-38","-38","-38","60687","60687","60687","-38","-38","-38","60687","60687","60687","-38","-38","-38","60687","60687","60687","-38","-38","-38","60687","60687","60687","-38","-38","-38"
"61000","61189","61189","61189","-38","-38","-38","61189","61189","61189","-38","-38","-38","61189","61189","61189","-38","-38","-38","61189","61189","61189","-38","-38","-38","61189","61189","61189","-38","-38","-38","61189","61189","61189","-38","-38","-38","61189","61189","61189","-38","-38","-38","61189","61189","61189","-38","-38","-38","61189","61189","61189","-38","-38","-38","61189","61189","61189","-38","-38","-38"
"61500","61690","61690","61690","-38","-38","-38","61690","61690","61690","-38","-38","-38","61690","61690","61690","-38","-38","-38","61690","61690","61690","-38","-38","-38","61690","61690","61690","-38","-38","-38","61690","61690","61690","-38","-38","-38","61690","61690","61690","-38","-38","-38","61690","61690","61690","-38","-38","-38","61690","61690","61690","-38","-38","-38","61690","61690","61690","-38","-38","-38"
"62000","62192","62192","62192","-38","-38","-38","62192","62192","62192","-38","-38","-38","62192","62192","62192","-38","-38","-38","62192","62192","62192","-38","-38","-38","62192","62192","62192","-38","-38","-38","62192","62192","62192","-38","-38","-38","62192","62192","62192","-38","-38","-38","62192","62192","62192","-38","-38","-38","62192","62192","62192","-38","-38","-38","62192","62192","62192","-38","-38","-38"
"62500","62693","62693","62693","-38","-38","-38","62693","62693","62693","-38","-38","-38","62693","62693","62693","-38","-38","-38","62693","62693","62693","-38","-38","-38","62693","62693","62693","-38","-38","-38","62693","62693","62693","-38","-38","-38","62693","62693","62693","-38","-38","-38","62693","62693","62693","-38","-38","-38","62693","62693","62693","-38","-38","-38","62693","62693","62693","-38","-38","-38"
"63000","63195","63195","63195","-38","-38","-38","63195","63195","63195","-38","-38","-38","63195","63195","63195","-38","-38","-38","63195","63195","63195","-38","-38","-38","63195","63195","63195","-38","-38","-38","63195","63195","63195","-38","-38","-38","63195","63195","63195","-38","-38","-38","63195","63195","63195","-38","-38","-38","63195","63195","63195","-38","-38","-38","63195","63195","63195","-38","-38","-38"
"63500","63697","63697","63697","-38","-38","-38","63697","63697","63697","-38","-38","-38","63697","63697","63697","-38","-38","-38","63697","63697","63697","-38","-38","-38","63697","63697","63697","-38","-38","-38","63697","63697","63697","-38","-38","-38","63697","63697","63697","-38","-38","-38","63697","63697","63697","-38","-38","-38","63697","63697","63697","-38","-38","-38","63697","63697","63697","-38","-38","-38"
"64000","64199","64199","64199","-38","-38","-38","64199","64199","64199","-38","-38","-38","64199","64199","64199","-38","-38","-38","64199","64199","64199","-38","-38","-38","64199","64199","64199","-38","-38","-38","64199","64199","64199","-38","-38","-38","64199","64199","64199","-38","-38","-38","64199","64199","64199","-38","-38","-38","64199","64199","64199","-38","-38","-38","64199","64199","64199","-38","-38","-38"
"64500","64700","64700","64700","-38","-38","-38","64700","64700","64700","-38","-38","-38","64700","64700","64700","-38","-38","-38","64700","64700","64700","-38","-38","-38","64700","64700","64700","-38","-38","-38","64700","64700","64700","-38","-38","-38","64700","64700","64700","-38","-38","-38","64700","64700","64700","-38","-38","-38","64700","64700","64700","-38","-38","-38","64700","64700","64700","-38","-38","-38"
"65000","65202","65202","65202","-38","-38","-38","65202","65202","65202","-38","-38","-38","65202","65202","65202","-38","-38","-38","65202","65202","65202","-38","-38","-38","65202","65202","65202","-38","-38","-38","65202","65202","65202","-38","-38","-38","65202","65202","65202","-38","-38","-38","65202","65202","65202","-38","-38","-38","65202","65202","65202","-38","-38","-38","65202","65202","65202","-38","-38","-38"
"65500","65703","65703","65703","-38","-38","-38","65703","65703","65703","-38","-38","-38","65703","65703","65703","-38","-38","-38","65703","65703","65703","-38","-38","-38","65703","65703","65703","-38","-38","-38","65703","65703","65703","-38","-38","-38","65703","65703","65703","-38","-38","-38","65703","65703","65703","-38","-38","-38","65703","65703","65703","-38","-38","-38","65703","65703","65703","-38","-38","-38"
"66000","66205","66205","66205","-38","-38","-38","66205","66205","66205","-38","-38","-38","66205","66205","66205","-38","-38","-38","66205","66205","66205","-38","-38","-38","66205","66205","66205","-38","-38","-38","66205","66205","66205","-38","-38","-38","66205","66205","66205","-38","-38","-38","66205","66205","66205","-38","-38","-38","66205","66205","66205","-38","-38","-38","66205","66205","66205","-38","-38","-38"
"66500","66706","66706","66706","-38","-38","-38","66706","66706","66706","-38","-38","-38","66706","66706","66706","-38","-38","-38","66706","66706","66706","-38","-38","-38","66706","66706","66706","-38","-38","-38","66706","66706","66706","-38","-38","-38","66706","66706","66706","-38","-38","-38","66706","66706","66706","-38","-38","-38","66706","66706","66706","-38","-38","-38","66706","66706","66706","-38","-38","-38"
"67000","67208","67208","67208","-38","-38","-38","67208","67208","67208","-38","-38","-38","67208","67208","67208","-38","-38","-38","67208","67208","67208","-38","-38","-38","67208","67208","67208","-38","-38","-38","67208","67208","67208","-38","-38","-38","67208","67208","67208","-38","-38","-38","67208","67208","67208","-38","-38","-38","67208","67208","67208","-38","-38","-38","67208","67208","67208","-38","-38","-38"
"67500","67709","67709","67709","-38","-38","-38","67709","67709","67709","-38","-38","-38","67709","67709","67709","-38","-38","-38","67709","67709","67709","-38","-38","-38","67709","67709","67709","-38","-38","-38","67709","67709","67709","-38","-38","-38","67709","67709","67709","-38","-38","-38","67709","67709","67709","-38","-38","-38","67709","67709","67709","-38","-38","-38","67709","67709","67709","-38","-38","-38"
"68000","68211","68211","68211","-38","-38","-38","68211","68211","68211","-38","-38","-38","68211","68211","68211","-38","-38","-38","68211","68211","68211","-38","-38","-38","68211","68211","68211","-38","-38","-38","68211","68211","68211","-38","-38","-38","68211","68211","68211","-38","-38","-38","68211","68211","68211","-38","-38","-38","68211","68211","68211","-38","-38","-38","68211","68211","68211","-38","-38","-38"
"68500","68712","68712","68712","-38","-38","-38","68712","68712","68712","-38","-38","-38","68712","68712","68712","-38","-38","-38","68712","68712","68712","-38","-38","-38","68712","68712","68712","-38","-38","-38","68712","68712","68712","-38","-38","-38","68712","68712","68712","-38","-38","-38","68712","68712","68712","-38","-38","-38","68712","68712","68712","-38","-38","-38","68712","68712","68712","-38","-38","-38"
"69000","69214","69214","69214","-38","-38","-38","69214","69214","69214","-38","-38","-38","69214","69214","69214","-38","-38","-38","69214","69214","69214","-38","-38","-38","69214","69214","69214","-38","-38","-38","69214","69214","69214","-38","-38","-38","69214","69214","69214","-38","-38","-38","69214","69214","69214","-38","-38","-38","69214","69214","69214","-38","-38","-38","69214","69214","69214","-38","-38","-38"
"69500","69715","69715","69715","-38","-38","-38","69715","69715","69715","-38","-38","-38","69715","69715","69715","-38","-38","-38","69715","69715","69715","-38","-38","-38","69715","69715","69715","-38","-38","-38","69715","69715","69715","-38","-38","-38","69715","69715","69715","-38","-38","-38","69715","69715","69715","-38","-38","-38","69715","69715","69715","-38","-38","-38","69715","69715","69715","-38","-38","-38"
"70000","70217","70217","70217","-38","-38","-38","70217","70217","70217","-38","-38","-38","70217","70217","70217","-38","-38","-38","70217","70217","70217","-38","-38","-38","70217","70217","70217","-38","-38","-38","70217","70217","70217","-38","-38","-38","70217","70217","70217","-38","-38","-38","70217","70217","70217","-38","-38","-38","70217","70217","70217","-38","-38","-38","70217","70217","70217","-38","-38","-38"
"70500","70719","70719","70719","-38","-38","-38","70719","70719","70719","-38","-38","-38","70719","70719","70719","-38","-38","-38","70719","70719","70719","-38","-38","-38","70719","70719","70719","-38","-38","-38","70719","70719","70719","-38","-38","-38","70719","70719","70719","-38","-38","-38","70719","70719","70719","-38","-38","-38","70719","70719","70719","-38","-38","-38","70719","70719","70719","-38","-38","-38"
"71000","71221","71221","71221","-38","-38","-38","71221","71221","71221","-38","-38","-38","71221","71221","71221","-38","-38","-38","71221","71221","71221","-38","-38","-38","71221","71221","71221","-38","-38","-38","71221","71221","71221","-38","-38","-38","71221","71221","71221","-38","-38","-38","71221","71221","71221","-38","-38","-38","71221","71221","71221","-38","-38","-38","71221","71221","71221","-38","-38","-38"
"71500","71722","71722","71722","-38","-38","-38","71722","71722","71722","-38","-38","-38","71722","71722","71722","-38","-38","-38","71722","71722","71722","-38","-38","-38","71722","71722","71722","-38","-38","-38","71722","71722","71722","-38","-38","-38","71722","71722","71722","-38","-38","-38","71722","71722","71722","-38","-38","-38","71722","71722","71722","-38","-38","-38","71722","71722","71722","-38","-38","-38"
"72000","72224","72224","72224","-38","-38","-38","72224","72224","72224","-38","-38","-38","72224","72224","72224","-38","-38","-38","72224","72224","72224","-38","-38","-38","72224","72224","72224","-38","-38","-38","72224","72224","72224","-38","-38","-38","72224","72224","72224","-38","-38","-38","72224","72224","72224","-38","-38","-38","72224","72224","72224","-38","-38","-38","72224","72224","72224","-38","-38","-38"
"72500","72725","72725","72725","-38","-38","-38","72725","72725","72725","-38","-38","-38","72725","72725","72725","-38","-38","-38","72725","72725","72725","-38","-38","-38","72725","72725","72725","-38","-38","-38","72725","72725","72725","-38","-38","-38","72725","72725","72725","-38","-38","-38","72725","72725","72725","-38","-38","-38","72725","72725","72725","-38","-38","-38","72725","72725","72725","-38","-38","-38"
"73000","73227","73227","73227","-38","-38","-38","73227","73227","73227","-38","-38","-38","73227","73227","73227","-38","-38","-38","73227","73227","73227","-38","-38","-38","73227","73227","73227","-38","-38","-38","73227","73227","73227","-38","-38","-38","73227","73227","73227","-38","-38","-38","73227","73227","73227","-38","-38","-38","73227","73227","73227","-38","-38","-38","73227","73227","73227","-38","-38","-38"
"73500","73728","73728","73728","-38","-38","-38","73728","73728","73728","-38","-38","-38","73728","73728","73728","-38","-38","-38","73728","73728","73728","-38","-38","-38","73728","73728","73728","-38","-38","-38","73728","73728","73728","-38","-38","-38","73728","73728","73728","-38","-38","-38","73728","73728","73728","-38","-38","-38","73728","73728","73728","-38","-38","-38","73728","73728","73728","-38","-38","-38"
"74000","74230","74230","74230","-38","-38","-38","74230","74230","74230","-38","-38","-38","74230","74230","74230","-38","-38","-38","74230","74230","74230","-38","-38","-38","74230","74230","74230","-38","-38","-38","74230","74230","74230","-38","-38","-38","74230","74230","74230","-38","-38","-38","74230","74230","74230","-38","-38","-38","74230","74230","74230","-38","-38","-38","74230","74230","74230","-38","-38","-38"
"74500","74731","74731","74731","-38","-38","-38","74731","74731","74731","-38","-38","-38","74731","74731","74731","-38","-38","-38","74731","74731","74731","-38","-38","-38","74731","74731","74731","-38","-38","-38","74731","74731","74731","-38","-38","-38","74731","74731","74731","-38","-38","-38","74731","74731","74731","-38","-38","-38","74731","74731","74731","-38","-38","-38","74731","74731","74731","-38","-38","-38"
"75000","75233","75233","75233","-38","-38","-38","75233","75233","75233","-38","-38","-38","75233","75233","75233","-38","-38","-38","75233","75233","75233","-38","-38","-38","75233","75233","75233","-38","-38","-38","75233","75233","75233","-38","-38","-38","75233","75233","75233","-38","-38","-38","75233","75233","75233","-38","-38","-38","75233","75233","75233","-38","-38","-38","75233","75233","75233","-38","-38","-38"
"75500","75734","75734","75734","-38","-38","-38","75734","75734","75734","-38","-38","-38","75734","75734","75734","-38","-38","-38","75734","75734","75734","-38","-38","-38","75734","75734","75734","-38","-38","-38","75734","75734","75734","-38","-38","-38","75734","75734","75734","-38","-38","-38","75734","75734","75734","-38","-38","-38","75734","75734","75734","-38","-38","-38","75734","75734","75734","-38","-38","-38"
"76000","76236","76236","76236","-38","-38","-38","76236","76236","76236","-38","-38","-38","76236","76236","76236","-38","-38","-38","76236","76236","76236","-38","-38","-38","76236","76236","76236","-38","-38","-38","76236","76236","76236","-38","-38","-38","76236","76236","76236","-38","-38","-38","76236","76236","76236","-38","-38","-38","76236","76236","76236","-38","-38","-38","76236","76236","76236","-38","-38","-38"
"76500","76737","76737","76737","-38","-38","-38","76737","76737","76737","-38","-38","-38","76737","76737","76737","-38","-38","-38","76737","76737","76737","-38","-38","-38","76737","76737","76737","-38","-38","-38","76737","76737","76737","-38","-38","-38","76737","76737","76737","-38","-38","-38","76737","76737","76737","-38","-38","-38","76737","76737","76737","-38","-38","-38","76737","76737","76737","-38","-38","-38"
"77000","77239","77239","77239","-38","-38","-38","77239","77239","77239","-38","-38","-38","77239","77239","77239","-38","-38","-38","77239","77239","77239","-38","-38","-38","77239","77239","77239","-38","-38","-38","77239","77239","77239","-38","-38","-38","77239","77239","77239","-38","-38","-38","77239","77239","77239","-38","-38","-38","77239","77239","77239","-38","-38","-38","77239","77239","77239","-38","-38","-38"
"77500","77741","77741","77741","-38","-38","-38","77741","77741","77741","-38","-38","-38","77741","77741","77741","-38","-38","-38","77741","77741","77741","-38","-38","-38","77741","77741","77741","-38","-38","-38","77741","77741","77741","-38","-38","-38","77741","77741","77741","-38","-38","-38","77741","77741","77741","-38","-38","-38","77741","77741","77741","-38","-38","-38","77741","77741","77741","-38","-38","-38"
"78000","78243","78243","78243","-38","-38","-38","78243","78243","78243","-38","-38","-38","78243","78243","78243","-38","-38","-38","78243","78243","78243","-38","-38","-38","78243","78243","78243","-38","-38","-38","78243","78243","78243","-38","-38","-38","78243","78243","78243","-38","-38","-38","78243","78243","78243","-38","-38","-38","78243","78243","78243","-38","-38","-38","78243","78243","78243","-38","-38","-38"
"78500","78744","78744","78744","-38","-38","-38","78744","78744","78744","-38","-38","-38","78744","78744","78744","-38","-38","-38","78744","78744","78744","-38","-38","-38","78744","78744","78744","-38","-38","-38","78744","78744","78744","-38","-38","-38","78744","78744","78744","-38","-38","-38","78744","78744","78744","-38","-38","-38","78744","78744","78744","-38","-38","-38","78744","78744","78744","-38","-38","-38"
"79000","79246","79246","79246","-38","-38","-38","79246","79246","79246","-38","-38","-38","79246","79246","79246","-38","-38","-38","79246","79246","79246","-38","-38","-38","79246","79246","79246","-38","-38","-38","79246","79246","79246","-38","-38","-38","79246","79246","79246","-38","-38","-38","79246","79246","79246","-38","-38","-38","79246","79246","79246","-38","-38","-38","79246","79246","79246","-38","-38","-38"
"79500","79747","79747","79747","-38","-38","-38","79747","79747","79747","-38","-38","-38","79747","79747","79747","-38","-38","-38","79747","79747","79747","-38","-38","-38","79747","79747","79747","-38","-38","-38","79747","79747","79747","-38","-38","-38","79747","79747","79747","-38","-38","-38","79747","79747","79747","-38","-38","-38","79747","79747","79747","-38","-38","-38","79747","79747","79747","-38","-38","-38"
"80000","80249","80249","80249","-38","-38","-38","80249","80249","80249","-38","-38","-38","80249","80249","80249","-38","-38","-38","80249","80249","80249","-38","-38","-38","80249","80249","80249","-38","-38","-38","80249","80249","80249","-38","-38","-38","80249","80249","80249","-38","-38","-38","80249","80249","80249","-38","-38","-38","80249","80249","80249","-38","-38","-38","80249","80249","80249","-38","-38","-38"
"80500","80750","80750","80750","-38","-38","-38","80750","80750","80750","-38","-38","-38","80750","80750","80750","-38","-38","-38","80750","80750","80750","-38","-38","-38","80750","80750","80750","-38","-38","-38","80750","80750","80750","-38","-38","-38","80750","80750","80750","-38","-38","-38","80750","80750","80750","-38","-38","-38","80750","80750","80750","-38","-38","-38","80750","80750","80750","-38","-38","-38"
"81000","81252","81252","81252","-38","-38","-38","81252","81252","81252","-38","-38","-38","81252","81252","81252","-38","-38","-38","81252","81252","81252","-38","-38","-38","81252","81252","81252","-38","-38","-38","81252","81252","81252","-38","-38","-38","81252","81252","81252","-38","-38","-38","81252","81252","81252","-38","-38","-38","81252","81252","81252","-38","-38","-38","81252","81252","81252","-38","-38","-38"
"81500","81753","81753","81753","-38","-38","-38","81753","81753","81753","-38","-38","-38","81753","81753","81753","-38","-38","-38","81753","81753","81753","-38","-38","-38","81753","81753","81753","-38","-38","-38","81753","81753","81753","-38","-38","-38","81753","81753","81753","-38","-38","-38","81753","81753","81753","-38","-38","-38","81753","81753","81753","-38","-38","-38","81753","81753","81753","-38","-38","-38"
"82000","82255","82255","82255","-38","-38","-38","82255","82255","82255","-38","-38","-38","82255","82255","82255","-38","-38","-38","82255","82255","82255","-38","-38","-38","82255","82255","82255","-38","-38","-38","82255","82255","82255","-38","-38","-38","82255","82255","82255","-38","-38","-38","82255","82255","82255","-38","-38","-38","82255","82255","82255","-38","-38","-38","82255","82255","82255","-38","-38","-38"
"82500","82756","82756","82756","-38","-38","-38","82756","82756","82756","-38","-38","-38","82756","82756","82756","-38","-38","-38","82756","82756","82756","-38","-38","-38","82756","82756","82756","-38","-38","-38","82756","82756","82756","-38","-38","-38","82756","82756","82756","-38","-38","-38","82756","82756","82756","-38","-38","-38","82756","82756","82756","-38","-38","-38","82756","82756","82756","-38","-38","-38"
"83000","83258","83258","83258","-38","-38","-38","83258","83258","83258","-38","-38","-38","83258","83258","83258","-38","-38","-38","83258","83258","83258","-38","-38","-38","83258","83258","83258","-38","-38","-38","83258","83258","83258","-38","-38","-38","83258","83258","83258","-38","-38","-38","83258","83258","83258","-38","-38","-38","83258","83258","83258","-38","-38","-38","83258","83258","83258","-38","-38","-38"
"83500","83759","83759","83759","-38","-38","-38","83759","83759","83759","-38","-38","-38","83759","83759","83759","-38","-38","-38","83759","83759","83759","-38","-38","-38","83759","83759","83759","-38","-38","-38","83759","83759","83759","-38","-38","-38","83759","83759","83759","-38","-38","-38","83759","83759","83759","-38","-38","-38","83759","83759","83759","-38","-38","-38","83759","83759","83759","-38","-38","-38"
"84000","84261","84261","84261","-38","-38","-38","84261","84261","84261","-38","-38","-38","84261","84261","84261","-38","-38","-38","84261","84261","84261","-38","-38","-38","84261","84261","84261","-38","-38","-38","84261","84261","84261","-38","-38","-38","84261","84261","84261","-38","-38","-38","84261","84261","84261","-38","-38","-38","84261","84261","84261","-38","-38","-38","84261","84261","84261","-38","-38","-38"
"84500","84763","84763","84763","-38","-38","-38","84763","84763","84763","-38","-38","-38","84763","84763","84763","-38","-38","-38","84763","84763","84763","-38","-38","-38","84763","84763","84763","-38","-38","-38","84763","84763","84763","-38","-38","-38","84763","84763","84763","-38","-38","-38","84763","84763","84763","-38","-38","-38","84763","84763","84763","-38","-38","-38","84763","84763","84763","-38","-38","-38"
"85000","85265","85265","85265","-38","-38","-38","85265","85265","85265","-38","-38","-38","85265","85265","85265","-38","-38","-38","85265","85265","85265","-38","-38","-38","85265","85265","85265","-38","-38","-38","85265","85265","85265","-38","-38","-38","85265","85265","85265","-38","-38","-38","85265","85265","85265","-38","-38","-38","85265","85265","85265","-38","-38","-38","85265","85265","85265","-38","-38","-38"
"85500","85766","85766","85766","-38","-38","-38","85766","85766","85766","-38","-38","-38","85766","85766","85766","-38","-38","-38","85766","85766","85766","-38","-38","-38","85766","85766","85766","-38","-38","-38","85766","85766","85766","-38","-38","-38","85766","85766","85766","-38","-38","-38","85766","85766","85766","-38","-38","-38","85766","85766","85766","-38","-38","-38","85766","85766","85766","-38","-38","-38"
"86000","86268","86268","86268","-38","-38","-38","86268","86268","86268","-38","-38","-38","86268","86268","86268","-38","-38","-38","86268","86268","86268","-38","-38","-38","86268","86268","86268","-38","-38","-38","86268","86268","86268","-38","-38","-38","86268","86268","86268","-38","-38","-38","86268","86268","86268","-38","-38","-38","86268","86268","86268","-38","-38","-38","86268","86268","86268","-38","-38","-38"
"86500","86769","86769","86769","-38","-38","-38","86769","86769","86769","-38","-38","-38","86769","86769","86769","-38","-38","-38","86769","86769","86769","-38","-38","-38","86769","86769","86769","-38","-38","-38","86769","86769","86769","-38","-38","-38","86769","86769","86769","-38","-38","-38","86769","86769","86769","-38","-38","-38","86769","86769","86769","-38","-38","-38","86769","86769","86769","-38","-38","-38"
"87000","87271","87271","87271","-38","-38","-38","87271","87271","87271","-38","-38","-38","87271","87271","87271","-38","-38","-38","87271","87271","87271","-38","-38","-38","87271","87271","87271","-38","-38","-38","87271","87271","87271","-38","-38","-38","87271","87271","87271","-38","-38","-38","87271","87271","87271","-38","-38","-38","87271","87271","87271","-38","-38","-38","87271","87271","87271","-38","-38","-38"
"87500","87772","87772","87772","-38","-38","-38","87772","87772","87772","-38","-38","-38","87772","87772","87772","-38","-38","-38","87772","87772","87772","-38","-38","-38","87772","87772","87772","-38","-38","-38","87772","87772","87772","-38","-38","-38","87772","87772","87772","-38","-38","-38","87772","87772","87772","-38","-38","-38","87772","87772","87772","-38","-38","-38","87772","87772","87772","-38","-38","-38"
"88000","88274","88274","88274","-38","-38","-38","88274","88274","88274","-38","-38","-38","88274","88274","88274","-38","-38","-38","88274","88274","88274","-38","-38","-38","88274","88274","88274","-38","-38","-38","88274","88274","88274","-38","-38","-38","88274","88274","88274","-38","-38","-38","88274","88274","88274","-38","-38","-38","88274","88274","88274","-38","-38","-38","88274","88274","88274","-38","-38","-38"
"88500","88775","88775","88775","-38","-38","-38","88775","88775","88775","-38","-38","-38","88775","88775","88775","-38","-38","-38","88775","88775","88775","-38","-38","-38","88775","88775","88775","-38","-38","-38","88775","88775","88775","-38","-38","-38","88775","88775","88775","-38","-38","-38","88775","88775","88775","-38","-38","-38","88775","88775","88775","-38","-38","-38","88775","88775","88775","-38","-38","-38"
"89000","89277","89277","89277","-38","-38","-38","89277","89277","89277","-38","-38","-38","89277","89277","89277","-38","-38","-38","89277","89277","89277","-38","-38","-38","89277","89277","89277","-38","-38","-38","89277","89277","89277","-38","-38","-38","89277","89277","89277","-38","-38","-38","89277","89277","89277","-38","-38","-38","89277","89277","89277","-38","-38","-38","89277","89277","89277","-38","-38","-38"
"89500","89778","89778","89778","-38","-38","-38","89778","89778","89778","-38","-38","-38","89778","89778","89778","-38","-38","-38","89778","89778","89778","-38","-38","-38","89778","89778","89778","-38","-38","-38","89778","89778","89778","-38","-38","-38","89778","89778","89778","-38","-38","-38","89778","89778","89778","-38","-38","-38","89778","89778","89778","-38","-38","-38","89778","89778","89778","-38","-38","-38"
"90000","90280","90280","90280","-38","-38","-38","90280","90280","90280","-38","-38","-38","90280","90280","90280","-38","-38","-38","90280","90280","90280","-38","-38","-38","90280","90280","90280","-38","-38","-38","90280","90280","90280","-38","-38","-38","90280","90280","90280","-38","-38","-38","90280","90280","90280","-38","-38","-38","90280","90280","90280","-38","-38","-38","90280","90280","90280","-38","-38","-38"
"90500","90781","90781","90781","-38","-38","-38","90781","90781","90781","-38","-38","-38","90781","90781","90781","-38","-38","-38","90781","90781","90781","-38","-38","-38","90781","90781","90781","-38","-38","-38","90781","90781","90781","-38","-38","-38","90781","90781","90781","-38","-38","-38","90781","90781","90781","-38","-38","-38","90781","90781","90781","-38","-38","-38","90781","90781","90781","-38","-38","-38"
"91000","91283","91283","91283","-38","-38","-38","91283","91283","91283","-38","-38","-38","91283","91283","91283","-38","-38","-38","91283","91283","91283","-38","-38","-38","91283","91283","91283","-38","-38","-38","91283","91283","91283","-38","-38","-38","91283","91283","91283","-38","-38","-38","91283","91283","91283","-38","-38","-38","91283","91283","91283","-38","-38","-38","91283","91283","91283","-38","-38","-38"